-45971.45114866369,-19753.13973233521,17678.511382808083,5051.548069529818,7219.06923303026,33609.4997661926,-5103.687379729148,-6550.371217019166,-19061.652889946614,-4379.3214381813295,-6060.014153455027,7460.971624976237,8728.592990604699,612.636456327651,-1092.4015389406927,2967.2811585326554,4008.3497843571695,-4098.956994837382,1676.3837364982899,-547.8446172861871,4912.994257047403,1218.9722224686207,-7707.838133794856,-10879.190680957101,-5602.292506501794,1345.873878390459,-4518.360511270901,-9421.526575201164,-8532.977743434716,6291.342321516098,-1871.0619383528174,-6215.898834393145,8371.4211056111,-5653.522502925054,4926.091458846259,3151.4869675303253,511.2150494446395,-2276.7137651775015,-2236.461927426907,250.07488375013213,2
82367.5687269349,-20774.942094317397,3733.0832064086067,-7217.1943253332365,26355.692090161905,-7363.236776389714,-27874.054962967857,-5331.796163909367,4264.006448052199,-3636.735629783129,-397.32483732442904,-4126.978431248861,685.2777688361042,-2664.9400405114484,3499.687698623045,448.64596886111093,-685.22727749014,-3423.6961732929763,-985.7198662863018,-3041.2364558712966,6531.214295286889,-102.29112363810899,2881.554602060262,444.60523034540995,-566.6705281939302,-4654.7705890634,-3491.429241778847,-7841.526270992946,-4622.973059868883,1645.5176075499148,-274.43049540775445,16286.636616785465,572.9880364466991,10.990231986503709,4130.767403522472,-6579.6971496000715,-6383.222044381869,3861.510097617761,-1407.3676612795537,4329.77362701035,4
-55729.48697329606,1712.2635733203178,-21980.25916424598,-28740.387443141622,569.5093811998985,-25224.931279881996,-1481.6738479224673,-13269.066330631667,-6651.760355694535,2233.2954150274313,1700.1081988075439,1138.965009156528,-1237.1760685224745,-748.792737972409,-481.7184832680026,-507.0781825673097,660.5403348975466,1705.7112410550035,48.57467266789695,5610.210601468769,-2771.6196966868547,2383.172722222654,3281.2705401942167,259.80837263260935,-4208.794114760713,2390.8981821260472,-6539.518471575366,2094.206354968855,-1853.4282312518467,-1284.211679387518,641.1715044591925,1027.214690479572,-3049.718642316573,-2539.2343643648164,-28.659547342176996,5578.226798568491,-3198.8377396359933,3507.001894197484,1018.1774163438546,-4341.424577610713,1
82149.76285862058,-18919.334042269704,6396.312416270855,-3326.870243735867,25880.693795723113,-8791.745012306787,-29943.743874355492,-3513.697409212427,2031.9216190804484,-3251.7991312207077,3425.2693756304693,1248.9275069444805,3061.619902605966,-10971.205954083638,14539.767780038632,3784.9226242119735,2408.494119906016,-2032.143989795408,1976.1972929212764,-10878.754519830041,-3296.3212469639693,4691.713237993112,2659.2857372892313,5541.240037661315,6415.217304445207,5514.0332805922935,-6512.8448390766,2874.7402342043074,-4680.279725787369,6153.7513104893915,4512.293233720554,-12005.583977293589,-3722.0875973132315,5052.197638306037,-564.5127054964947,-2385.6690191475263,-2871.443030031758,-1081.0584484545466,801.4808860880926,-794.2636322448387,4
-54980.995193527655,936.1453806925457,-22306.518217384084,-27636.500873588768,502.7444165934966,-24630.19811973464,-1325.422368040026,-15664.825503560369,-8506.03307274195,2488.94898889217,406.76004042863946,450.1228030534964,-1253.114435476636,-1601.309519387447,-2278.902580725549,2300.3776938076403,-2736.811754240393,1657.0837093830432,-1592.1110439317808,-1324.2125873485766,-753.596140638057,-1570.9993864007674,-2516.5012934016077,110.35651787936906,-124.49936384973483,1745.8868365520968,-372.7729864996227,1439.946483878163,-3035.9429963670914,2932.75164054249,-1738.4571695816971,582.2676544613875,3194.356956844702,2814.1335066872525,3670.705538602951,-5280.423662356175,5689.249923897512,10950.737491878925,6034.63425555866,-57.5733396320735,1
33695.24182495471,23693.83320854922,38973.5314678601,-20320.10395877103,-22440.41577244709,-1487.328119905849,12617.713177351685,454.8029873374608,-1191.0839401919663,-6757.260512137239,-2488.2389075376623,-6726.212837428867,747.7701741216911,-6927.54683732848,-7674.649454956575,-161.60301006538782,-4523.994599391301,-3335.405709669672,-7729.931612463148,3142.5099013444283,-1058.5475379944764,-1937.1841482912503,10890.921420566858,-1566.336704572549,6229.596690618633,-728.4892789560123,1604.247434819638,-2928.3881754932027,-2069.678522493047,-2402.5447675912483,-3558.3192695681273,-3741.769166161304,478.05986885506877,1188.6025926964874,-141.64343566913766,2754.6304479448017,5572.172302015693,2818.62671129168,-1920.7865787970077,2150.104101217158,3
29724.22114084346,27122.23028454954,38651.38871733174,-22074.98071260199,-20572.347365201305,-3667.9509495251673,12015.104553737609,1105.528057553312,1180.3641139867182,-7185.793221681715,3852.124907853789,-50.60343871476821,1142.735643181314,-599.9136980557292,1291.955308470778,-348.54728460865374,7225.652171387359,-7783.255701059912,217.64773175632246,-4076.4362135725382,6854.157919936847,937.887370270904,-9428.443385026123,4092.2542071555476,-4935.25004598539,11067.639535460014,362.39076712343984,-4076.821777409085,4150.589025205179,-1923.8259380997806,10257.834630448595,4611.887061237094,-1952.0088703136414,3940.343805827682,454.6328091407287,7402.0714949246685,2302.153516192888,5226.985227240659,-5039.099686874579,-2596.917512350505,3
83044.7123726021,-17272.70011106335,2345.18813238441,-6554.835476496999,23550.721628791587,-9192.27706917446,-30101.87217871847,-5675.9605767426965,3237.298143503424,-3147.304901134257,5588.139330316338,4451.741862593269,615.6220326084097,2722.5839893340262,-1896.7334276206473,993.7663725427991,-3594.785745333497,-1042.2295446908292,-5294.6389436292475,3714.680637943655,-13549.848985976067,-5377.400294253139,-4097.219667300813,-10227.235682827239,515.6956302217897,-1469.7706945287819,-2091.5879244928215,520.1767824939989,6338.29340999488,-8998.195946033873,5946.368814346725,-2455.989797611906,12266.816054684456,606.1132820860341,-4485.456581168708,-2270.126495818398,231.08385310702772,1669.6792671482444,-2087.879301173499,-1217.8578624690256,4
-47818.640721696465,-11954.365869710104,-327.1283383478798,-17534.982793922998,3457.415650672201,11757.240922659666,-8445.899264031326,37245.39498139853,-11590.287316330146,-5427.0358040648425,-3008.6345545942304,4607.289257492315,8253.895298291533,-9283.606801002968,4782.76227954719,-5315.191501252408,20882.194999330717,18454.54720762552,-6975.044591795433,-7477.9511626777685,2709.303960983442,-10849.105072781396,6299.254535998223,-6481.019872998931,-2784.7148976737467,-291.7481521196199,-902.7963299216042,3672.839448345925,4530.306754563738,-154.62485772269375,-870.2246560609067,2010.4154814986655,-827.1796270010066,1578.7947051965339,-174.25388069443687,-95.1413712943171,82.72856899339669,440.53164180011197,552.1859673453097,88.49736708639654,7
-45503.50073686775,-16338.694840804648,9066.659156889724,4418.424603867525,2039.9288064031869,29107.118462619812,-3568.6787182224284,-16553.304088852685,16802.138200607602,1979.0493205927478,8006.546772587573,-4272.862489863232,-6318.342838352276,-763.6009543545224,1676.6589693913588,2524.7882523008375,4243.12622655555,4110.893103534408,-1370.3631406672607,1271.2847771066138,-2540.975263228381,-2736.7346991270556,1217.7478505948407,6415.152626564198,-1151.5614123439277,2709.8909380726977,-74.91614942485188,-3225.7655209510244,-1855.6564568368335,-1217.6359252199088,-1518.355795081388,467.23573489327225,-1521.0549651051056,-4941.457658259234,-6185.876697530077,-3809.6161665007257,419.0349206052886,221.3368560981471,-1153.1189405009502,164.27224844890128,2
14096.071435770054,56583.310391948056,-31242.488814355544,19803.091056071837,-22323.67645492469,10373.040802767762,-16395.733842959136,-688.1033254226073,353.5955806773228,-4827.950451097159,-14056.939901697546,-10906.324665950151,-2914.2739705058357,-1824.8097292576751,-3829.3691665745423,446.89523117345504,2623.147562039697,-4901.416088919255,-181.1022181882755,-4139.425511057157,-906.401037718708,-209.65960183759915,-4492.1156273834595,-516.0218976890396,1019.9587935992704,3339.436944044639,-5427.569395139905,-18.4440205403831,3003.000101276518,-553.1068513178034,-2881.7015778970595,1421.1807047210266,-2789.7661099148313,461.0471070494678,879.398310542009,-2095.1124722341065,1949.0884601887758,-1572.1790541186017,1167.3466822433584,-4767.126738684419,8
33918.893424787704,24565.622877012618,37403.92082229468,-20223.097244998164,-22982.35872425915,-2293.5465195129073,13502.443425477457,-505.2309047887476,-389.1114448065762,-7067.707078493754,-3535.01152128626,-5167.6465178435565,1514.4669720525965,-7729.7171047999245,-5316.527641492057,3300.0264940199754,-6708.9549025872875,-3107.0725612879633,-11554.839663379802,3805.279065134253,3135.0258687850915,-4536.940921121144,10555.916733754952,-2996.0888673601958,6960.67849359115,0.1605859707176127,-924.7809575102897,-4396.044007907996,-2101.4409805865785,3252.5448799140054,-3144.54757468067,-2050.2492308779692,391.7878497751168,540.9760683776426,-2628.8816055852303,2245.379355115798,-5622.30480153922,441.1862630956684,-268.64945553231786,-2198.2833707282684,3
-39362.42021483845,-8527.042185057842,-8668.569283742825,-12073.068319293856,-5058.395166388229,-4043.8469554390003,-4238.936303994079,22960.57820883178,16322.481735351943,3619.9647386566003,6477.457625685883,-27943.317754176467,37832.73041919823,15516.752333368599,8776.26590746473,2739.726937229022,-7965.52532558511,1963.7523817612519,-1596.06180216936,3841.2566930061575,335.1164675440299,1063.2773313387347,-2518.654494762819,773.583695332011,-83.77229070747576,515.2448683232161,444.84873525943436,345.11137028663984,-505.9433775093692,150.58734230890522,-98.02610364638656,-702.722869779536,-1.5734922224085695,-451.0627610793293,-126.58676715743604,-216.8473454042803,181.67537238677195,-29.868358342972115,-137.51167872770162,-507.1463527040832,7
20293.732241679514,63572.95629688927,-37223.31948148999,28322.532536290222,-25744.550206881693,10802.373723807515,-18520.226491355712,600.9422347001976,-3722.9301129624905,4687.775802891509,4736.030144619002,6714.0918029483755,2244.4539621336526,2620.8788752479422,-1634.7788150492047,95.10275458605523,-1966.9479066685128,3980.199359583773,1324.289403780286,2217.5496817681415,3288.9352195999713,-2179.5359269031087,2061.4999510525035,1518.6073607052608,2002.291982233156,-3610.1950449168367,-651.5719939694875,-2086.541949240972,-3662.347701916998,872.6557380311342,2907.60285400675,-890.0294775117376,548.9151893981316,-2209.785420528104,2329.5540699636667,2722.3209365896746,3919.250854639968,466.4567499566912,8248.65325367233,4801.171268251548,8
53905.302295905356,-39310.12178827239,-30775.12328568128,1696.1431513819452,-1899.8659124377873,3998.806528829994,29628.582981728894,-1663.3853346796463,-1345.6075810235345,57.51721098959597,-9352.555979770383,-1095.1851271063376,1714.1188608368598,3768.2784156714274,-10548.273396991937,13449.310790181085,-3708.774490802965,8269.655139516108,1377.72999756271,-9516.273008640854,-6456.276822253176,-3574.780257518035,-1015.3380224595271,-680.1339473590314,2237.5449266949563,-1385.4475228230533,-383.02015327695614,-2203.069285820097,-2428.337547455145,288.3441000025385,5113.953005449809,3926.9395915338823,-4174.989459937541,-531.4642321562593,1989.4254424889673,4087.4209028155233,-219.47997576926525,-2586.302895435907,-2832.871086555051,2417.6487727568797,6
-34358.340539672514,-20301.840713661935,-4444.904364178463,-18698.550494073243,5458.978362943131,15580.058769809175,-11854.513230858041,48103.604870035364,-15066.81403190941,-7210.686693317753,9264.68068390039,-3783.205253644773,-17156.08628972306,2765.7615483409904,-1397.2150002810004,1570.4845835258566,-6091.78466752542,-1275.2073436003425,1481.1887306959288,1094.7343497270374,-1979.4673264978455,1138.6060133924495,-2815.563393019261,3581.3038916629876,522.9823956267368,192.84974538913855,-456.10197437280345,-1126.5050858680502,-904.2746959671805,37.251872561054135,497.93377819291254,-323.14420299735895,114.46431954460094,-133.90320991907956,880.8974225904947,221.50795106586637,346.8841106993931,-60.17660305928358,-133.21537620037952,-731.709744245054,7
-45786.18920111482,-18095.911301294214,10523.35821678703,3744.0316416146507,1378.5562535609654,30328.393981614405,-2921.906712217115,-16935.790710869645,10640.135464841904,-150.58987489857267,4549.400265700878,-1407.479320195196,-2904.058416432268,2704.2864271889794,-1504.1854405466242,-1450.2373330011762,2713.0014180340945,7879.454641362164,-7148.232471582893,-1052.7853575883041,-3681.4137283721398,6438.665354696542,295.3570087315965,4938.92891078196,5102.493410384981,-400.1652876047653,2688.863376458193,4204.936652859892,570.1484981578387,-2177.3368987005124,1206.378325909587,1461.7344782755779,935.0954925715563,1816.9214576278255,4360.71976373862,-733.8700813100694,5472.519639972948,1693.6008428763678,-6886.026395425266,6155.685838051324,2
-53521.37006820406,2441.317120266813,-20052.119913989463,-25714.567799220484,-981.142280282286,-25243.273015353057,-943.6508159642475,-12773.338131325281,-7033.923805062222,-490.96267929896976,-68.80847382766216,1618.3042718614754,-1019.2543268169577,-7165.678973028877,4006.9780461368355,3732.8925901457997,-9977.36202089533,4411.3324411142985,-3159.105359156536,-3337.368850330495,1153.3187816849756,5314.483521207748,4474.048818286887,-1492.2457423433393,-8938.537158738436,4675.942926283623,632.8950862458313,-9707.1614609124,9898.995207716904,-8502.000178687473,-1488.8071542232337,-6010.929575450203,-5693.785201729358,-3432.0221198011545,7170.69346381336,-4859.0912218556105,-513.8134948743204,-4156.007178839127,-1519.7091449929335,3186.1674791887654,1
-44909.832233040695,-16735.105263534802,5968.786672632428,2095.005809508951,-464.86928255041096,27426.081354258273,-328.6879983286947,-19023.38473078825,22144.068034949298,901.3301069320187,6029.550364501126,-4056.0906814143923,-4239.863859294814,-368.2707475746452,-1262.277479475077,-2430.2669700547704,-145.23055586735268,155.69705096715174,1955.4128224705541,-1867.3894848514433,-1671.1736795597192,-9526.10707220265,-2994.287749197906,875.9835713367314,-475.8440102609188,-4484.550810347342,1837.3247551708853,1218.1919428138099,-5426.7292436417365,-8111.729106753236,-2085.5003979271128,-2987.124110351914,-124.64394690218009,10994.7912677519,11366.72334234624,4001.153175076634,-5378.202874392307,-2017.3991983054098,2780.137728625298,-3819.973804585583,2
-40578.42811712879,-20205.243197433498,7508.334408751798,8283.783041841301,-302.12671082060166,25976.253667366473,-966.7976701823393,-8479.524061838407,16183.229831139875,3216.694116283918,6779.068801632417,-6459.565518948025,-8155.864861957933,-4514.360509185199,6120.574722283393,438.36043798930245,-13499.621816398017,-7365.42889316281,13352.137815440869,-1512.9320881441292,5816.512306324004,-7919.427373689521,7089.504502820258,-15407.36564813508,-5590.668533395569,206.1272831269681,-2761.264672179123,6035.305638635672,5758.875576945431,5531.0794034317205,3251.7345609565223,1802.9832483620564,-3867.0410971075407,1190.6520724538443,-3078.58308146376,651.3726507376989,2959.2809696505183,832.4055183761375,-396.05218799324285,2191.699947060072,2
-45853.543408209254,-15902.018518833365,9480.938465954321,4281.784434882275,1867.7383059306394,29678.1708949452,-4385.824663515496,-16495.870485998876,16841.90472997318,567.8381228167406,9748.998072297298,-5214.08294915401,-6214.493822900107,663.7732798727632,835.5767283735149,2130.4977454692244,7938.889350053553,1118.4079858532455,-1963.0942045408246,-380.66829728037817,-2301.1359071007155,-4527.098049869072,-1288.0110041378189,5974.658047199309,-2400.3640369014033,3172.5980930303035,523.3945636932978,-7056.723022200465,-3126.806767727407,-1354.5630918736945,-1556.95645950553,-1902.0548005627402,-1728.8187705773962,-7274.13761435239,-8717.974655326556,-1023.8946793152605,-917.825626226197,1686.7362661635398,2281.9961843259325,-278.3105043504352,2
-22085.979097811287,-24218.797231042547,20264.427196428253,50738.25825828379,-6656.138122632553,-29378.726967912924,-3495.8937572335417,5306.151759502574,-2595.8241725739254,-2734.775628593372,3939.2464074972727,1255.6890279048434,305.9619904045411,-3113.6410784440995,856.9001412594316,15178.696552912834,5354.192342727254,-7472.516734733459,-6332.944293970063,2453.3941087284766,-4288.836672816378,-264.0315226088834,-2568.5801407197214,610.9064356108347,-7020.033697241495,-6118.655238576045,3208.182884404075,1703.1922238078134,614.2157207520155,1128.0726132831608,1624.939007005381,-1913.1783801236143,-1614.5960858258222,2308.5490344842297,1364.1995602862507,1153.0307387761738,2400.6815110166617,2606.1742643158686,2958.427639977527,4639.90573619426,5
-45228.626258777505,-19268.022864088005,19417.48770458637,4000.654233777823,15127.914328936826,29472.8792639994,-2273.326327729459,-9059.066030259559,-28422.700533121326,-3075.453385173214,-16625.453960912768,13886.726133321408,17098.08527932671,-4819.298866196954,1441.6912085275385,-3221.2236257849027,-8124.633319546899,-8118.090467442367,7125.811333760542,5481.077768624667,-7338.196560639646,-10442.745083344513,2960.0554190349203,15660.441443485377,1086.676662758157,-1358.7244594919066,915.5726647460793,263.9866066654856,7461.114044713476,1560.4219634916153,1564.7623579805243,2528.121164604354,78.10425067357862,-660.9375701917115,681.0304820579107,-459.92159854467087,-646.8128627234715,-114.60222556234126,341.33281904374877,-646.3187854127023,2
-21886.052899982376,-23025.38234387685,18295.195440365278,51506.66614379758,-7252.7957957108565,-30127.817325924192,-2446.8995535627705,4077.238671119027,-724.7979115867935,-2492.4725645817593,3593.0981389235076,971.1437309118583,-1765.2738540339856,-792.3501372218466,4298.458835297183,2053.7616051571185,1321.0280794575217,-6583.763643782495,-8960.215101765736,-2270.906564399984,-9796.842092443152,-548.6738548444429,791.3177885341299,-2126.264535903162,-6800.434958716443,-1519.291859648601,10766.172131360843,1836.7876938917461,-1561.9057325748902,7581.191013002328,-2392.831380773781,2438.472136933025,-3875.0409765321497,-1594.2840897075023,464.80505304754627,1287.6468976530039,-1535.41121766412,-1801.3034423043714,-1616.8030941114587,-2657.3944906922975,5
61811.968989053465,-37552.13211478224,-32156.02372564722,7807.773023340558,-2070.421431764294,7587.666589827478,32016.918662363856,-376.27279470418193,-6362.409967674032,4363.4140769525,8690.920872068811,2494.8170991225456,-265.38959208474955,-2664.4988815348675,11979.512971044642,-9955.200953421507,1410.148580050625,-5137.445703402939,-3581.4202073756705,5762.995242339383,4296.169493714369,3022.7438653121376,-1627.279719040764,1626.5482195442335,-2484.3111100637634,4205.707296767645,740.799619908938,562.2995462086856,3304.776060616533,-3354.4247761075344,-5845.372170014396,-2.197527287444455,4244.504908424264,3993.6284433041396,-3385.9360004031355,5948.604085331658,-6109.678197210512,-1119.544597111223,3369.4993702569013,8665.18776770434,6
21705.111838813245,61694.13192328472,-35668.05127075291,29463.019564588118,-24747.157580018706,11849.833890355301,-19885.79864052854,1928.7675369583471,-3890.5512400631437,2804.8139001865106,8169.443064397611,5528.865609378074,2382.2001022717873,-2858.5326878905526,2919.043199903751,-3446.496036285762,-1985.6429271818188,7817.753501063166,6355.559529056939,2969.3171147234275,1545.4000368742513,6317.9533528324655,11817.176800935174,1567.758810956443,-5158.997246968085,-3090.1745902199095,10078.26001743315,-4507.119052391114,-4021.009824820246,-1075.486285580524,9705.931238194104,-409.6974252880584,3915.4213544104205,1789.814578928828,-1748.1685424928687,1248.0666755156406,-2025.6627093178795,852.2253374081081,-3175.0849585835585,-3821.0685975653664,8
31971.986090680984,25411.580508153904,37574.433506936024,-21992.208363671834,-21802.359271517085,-2467.8261010389892,13046.001817187323,-1377.4639949700975,978.987294481749,-7714.85224776316,-204.9166817253209,-2941.758905053187,958.5724726898562,-77.42231432950138,-5104.225291995835,-4274.4357898510925,967.3875527027493,-1566.9771267975236,-3046.6736004414543,-463.5309121485631,20.850441498403033,-1734.9798560881413,-2077.619736431614,1120.9390818531572,-3945.3209227014754,4460.315767836243,-221.9635214603759,1672.5832008103287,-3035.3778422037653,-437.18019427319103,9028.753416964628,2706.5760796722448,652.3927313256419,1080.1326512999367,-1565.770140037244,-6093.789587571748,3404.04711383358,-10003.751412639815,9688.374687283413,3312.0723587106986,3
-26327.678565556536,-27483.674419283838,20081.097675896704,44291.02606379583,-3052.0842770082186,-23938.87819560227,-202.1670785242808,5913.807205852774,-843.3473986146422,3293.4910208456763,-1547.0367055838474,811.2624848267243,-371.78718633816703,859.1004572429996,-5871.848653518615,19922.59330848128,6544.798664321229,-580.6919032488838,5086.186033078089,5086.98297105492,17145.29201794068,-522.5289207057106,3231.89262536783,5164.053155161571,1456.6376048096117,-2261.867465649358,-5787.240445454749,3490.644453759086,2453.1688253147686,-8569.719080478168,-123.23409659937457,-963.7258957863235,4244.030013019718,501.6379117069693,-2153.2041063388465,-2274.6780315612477,-1939.5135550902664,-2211.673802093221,-397.4308502857612,-2426.9181324637657,5
82010.07628892873,-20143.677387376414,5092.498246066074,-6426.905425363884,21174.99399334018,-5174.061526025784,-28865.839152091914,-5197.519092248276,1946.0358971253406,-6514.974573335787,-132.48346233141456,4.462932347836723,1917.170579507358,-4210.969395668445,5387.315815272958,-4977.001097116046,-3810.833240468082,-2654.5677756797418,-1527.38521613168,-9572.70362224461,4468.099470473555,2695.401260383113,208.2187550769749,2974.9146643843724,-42.99473595281601,-8101.791697394691,-944.4180830021738,4353.89183295716,-1015.0921585802118,-7137.782237293968,-4326.912622665855,2485.1950189101653,-1782.024206346676,-8727.047303248684,-349.61365417473615,9882.912505561899,8233.321840752678,-2714.2192392814486,1919.3203242687791,-1743.787234962497,4
-17408.93669170286,95801.05234053046,3144.9484803447363,18689.827898517633,76727.3590055868,-2285.588993960638,28965.065555581594,4658.027986722544,2765.471465993463,-3205.2235865058906,1580.0193924437744,-1331.846624067911,-412.5389303494929,-69.3958549476605,-634.4606106612576,147.1481149812269,-97.91004397307648,705.5130091667166,-430.25928838282437,65.48554161051467,-294.58604506296433,-400.6231799800066,-414.4993662550615,-169.86176253770915,-10.535675727463765,-356.07883939281555,404.87663818353695,451.04707273882445,-335.9977622845546,-595.59048010234,-57.18288775075815,-309.42250616113273,-275.4033464485189,-142.18589495967308,-349.6158459820657,621.2881089768791,-763.8562402519938,-308.6068069942147,-124.94580620704102,7.944328163334784,8
61334.95673519797,-36362.99551469138,-32589.924786815398,8240.554723636267,-1819.6596077162924,7420.462917478426,31818.152366670227,-623.415064332462,-5504.672213988123,3578.5793390189397,4552.793691411342,-1019.692645210606,20.957549924163608,-4958.27327274905,5985.195782152965,-3916.2604774515958,3365.60184618781,-4144.062700928158,-3192.410151758363,4818.397095485356,2234.24903993955,368.54423894048807,1066.2373530000739,2040.3847428186032,-3176.761962204862,2196.438965087124,325.9470731876425,370.0879718263493,-1971.7358811697302,1991.346930765347,-3130.025453014647,-442.68487240127905,3442.992556307154,1813.274601615815,1534.1228237656796,-4644.2935169495795,6453.638455147145,1170.6614249343245,-1298.2761541289015,-2954.280119509014,6
-55942.721771621815,1716.0266244320528,-21464.878610218286,-28544.118549486277,633.2163167568672,-24529.350888562672,-2305.204835799129,-14367.172459725747,-7354.95410210929,2457.3392719072726,4185.79908350396,-619.9416818754063,-627.9092388157193,970.6091864707722,-2515.9814624208807,-1632.1459044558424,2072.100528777122,502.83759532492667,253.75673812012647,6039.804455667146,-4201.352269693012,1189.338991597594,3063.45997119311,631.721329652864,-3679.3751735416313,1009.598405577045,-7407.242563119286,5203.149350107133,-3849.335729831203,66.62218678562513,393.22349694067196,2684.4771200597634,-703.1271157290429,-953.6902651958882,-2038.1860018357634,4552.374420372968,-1776.3710713164678,1950.1170971992765,2043.8331760003075,-2016.2161984828351,1
-53755.165460242235,2209.674193705865,-22374.129928987502,-26026.052500796635,-105.16892231385441,-23455.29205043474,-598.9669749652825,-15602.94806997033,-8540.51553053001,2117.7988527858647,-4560.160907295603,2472.4907815024253,-2681.5367451019933,-4781.870418437764,3595.1368466728845,7519.017673678612,-12126.717255409667,9053.803019171728,-301.7937085109787,-11430.480436450838,8173.148547821999,-5063.727899673787,-9929.607044223398,1352.6331215633597,4805.207832388583,1281.2596726443967,11462.262165656095,626.0233363686474,-1229.9294154757472,2913.3950345633434,-2420.07597484937,1028.2564318073212,5636.55186084867,3010.0511418068572,-8136.8311618826165,1596.2228656493523,-935.918145674703,-1752.5654455847414,-135.97105379495392,-123.60960506554088,1
-56183.939271281866,2242.546001509826,-18382.913494780227,-26149.308821793715,-1891.132643650501,-19293.660844682254,-3918.933224097597,-11346.34670722233,-10955.207312256785,-1274.643444375945,9457.144774123111,-9096.115782129842,-1147.9354994263397,4233.917579790965,263.4770999455448,-8711.368446522034,16246.665692245824,-15036.64539392478,6154.967165284318,-1731.2398140247708,3751.555419429173,-1043.7843386797663,-1175.5486683560823,-3659.128694300048,12934.316730804516,-9455.829655511676,8145.781087982159,-4920.472541092917,5749.283014913306,55.38488610584792,2900.527689985277,-2995.6437055691895,-2249.745697091427,-2093.149882895061,816.3652312575729,-1830.1513212744503,-456.4254174719636,-574.2504719635907,215.28944998345108,58.71806167732833,1
78664.1226410179,-22912.641714632944,4231.66205445981,-13406.954091534586,24849.37281619437,-5042.355091103785,-26732.477143846627,-4104.359338403863,3688.2267350606808,-303.1546905456357,-4470.089941958587,1123.0946166529284,-1969.382229075956,8233.8980123453,-10857.415495405268,-2266.2395628219087,2683.884055660645,6053.4619621655975,2851.599768049899,11514.254038810337,2471.616109442783,-1065.898786030575,-1670.7271926004116,-1591.9045541717915,-3237.009898138706,4541.161869610517,5847.444243725975,-348.36488699967185,3441.40059229953,3148.869799184729,-2066.2312697259454,-2940.8416003126154,-3941.7081353326885,1028.6876343713325,-139.3351558876143,371.36857939380667,296.4898932892984,33.72235209485826,1754.3867363301692,256.34256857161165,4
17574.409673769387,60321.33491876116,-35401.28183556529,25374.06032218446,-26025.179959438297,10847.251306395627,-18945.115596649488,-462.3471906738858,-2067.8280113612013,-1396.948792727096,-5157.243276528866,-3126.054214167811,-722.2446760180425,-974.697515763943,-1864.3998638872883,429.3122302639634,963.350491092693,-3214.2764195166,-2324.475285299921,317.90777579937907,-1207.9476152310767,-2074.472437123178,-4071.90073578056,-124.7419163398592,1080.1427231549476,2326.4374304660632,-2615.255647818118,2181.051679678866,1845.087427740105,506.00531035730086,-3379.9563383206114,-22.77505586294141,-346.7259349345754,948.3290633132857,-71.37346152617283,-1177.5328295461009,-1516.8763028609146,326.79231729056363,-1619.5387831540975,2484.6920131656225,8
24684.354460343533,30597.520224995234,24185.811610607503,-20196.24289014602,-15990.946390411313,-2088.916619336045,12058.271070020452,-7163.248954320166,-1004.6137389810954,-10948.785215543898,-25465.965415580977,1036.5559731203546,-15487.685385349754,28535.36243225115,23329.984044281515,5555.022977856336,3762.014261733704,3888.3914910581007,2445.80614581985,929.3303439313182,-2672.91915779,-249.74436520960631,4834.634504108532,-30.631292801337313,-1043.3279142342453,-3503.777805335848,-578.8884912694222,-686.3813873275715,874.9588917452314,485.43162120769387,-1361.7761285459992,-738.6293450498686,2037.2292089715181,683.5604505209998,576.3815179675203,239.74126205511098,299.1823668835714,397.8560434719914,659.8122991826112,-142.23088240953678,3
-17848.75280597141,96367.78102537543,3391.2442955854654,18217.442885465367,76363.02239211337,-1925.8999872603124,29384.713843593498,4634.212892340289,3568.242111630932,-3467.820764226812,2404.954422520768,-1805.9143388680075,-210.36001127748148,-56.95066289625897,-1370.5636303122194,-167.66264208741944,-269.04098484398196,-259.6277274154861,-392.7246846329811,-480.2668746226905,594.1273500390787,920.421818140907,172.0420239331226,-727.5518564380993,35.54408646226398,-16.499086262279242,82.25690588440317,2.602300333214206,294.4311470496048,548.7202601886789,-169.01023737219157,-4.297295678067233,188.0350402372966,-101.49702167653159,384.1775418399029,-195.31596249823994,829.0714510357149,262.3065269485644,213.484301467643,132.57544047409118,8
33143.18617320499,25677.96617441141,39708.61432474294,-16881.914886121933,-19388.565595725628,-508.35233116472074,8188.299785893309,5536.4813741177795,1930.0099223744185,-673.3687624323234,1847.190499459495,-7400.648614439939,422.1177959676413,-22197.969895098908,6200.6864743335955,8097.448367906791,4429.2576689301295,10339.131137106817,18091.481613356897,10217.756707788558,-10123.562919809154,7853.673233841593,-7663.2680347845435,-2928.9042733840183,3540.0820798642403,-2926.2442004304758,1798.0654039613025,-1200.5356608800844,1583.1052018811902,152.49001479330167,-5530.697718473804,3947.102992079144,796.7235056817058,-682.8817003748898,1060.4705147369787,617.6460387431006,207.15764865914505,-806.1116566808538,1309.3071828137122,46.60305367626722,3
79364.35639858122,-23097.43702559356,4196.46425826724,-12910.677925687147,24266.917133703395,-4570.365038577994,-26278.809411144466,-4507.477762862426,3702.204657573887,-1072.3555256605216,-4398.323151808382,-290.76536638494207,-1043.247031911766,7190.996554596364,-10351.826599773563,-1859.098081266649,1989.3793796998787,4951.346533072759,2580.8032814397416,9146.96521482342,6436.931935311483,-1449.0744118385155,-233.68698109385772,1466.5554635687547,-2625.6493556003666,4094.5343227304197,7218.805195872931,745.1695806710165,913.0780549361052,5245.860669880072,-4234.052155056422,-1813.882724148642,-3739.246395868488,2144.2063763847505,1521.0055590380784,969.6856122922052,697.083968897605,-1756.1375217875275,-772.5767988352412,-945.4074819533165,4
55810.99092415665,-39237.58096321574,-29879.994793596794,4600.653386011802,-630.853962893396,7460.474533811291,28667.85771521875,921.5028921210619,-4376.742482254299,338.0225864621651,2889.590147482966,-6559.04316981179,194.20591026267348,890.9176431276799,-3939.2148468042014,-43.64469248629889,2020.1171870605676,-2899.3674466664215,6210.235879393235,-7307.0605239622355,-535.2825399136755,2463.9623258034153,6605.03349421313,2601.8089604586808,-4140.815846701917,13.688048499260825,489.6337151206051,-461.88413560030256,753.6437497446426,546.7030384754253,-5257.763264486941,449.4780253697871,4576.13506352172,3049.0370112338096,-571.5887235315203,-4079.7205144641853,5673.226214389228,-1215.9718020718187,-1293.2483712408825,-6700.974089153995,6
-28183.861277744658,-24286.10309435662,20304.991880518126,47072.732539465214,-7986.240703027829,-26949.193361679143,1797.5036666307694,2740.5678084575957,2519.185845317609,266.1701222124222,-3920.52886624268,-1392.7376667311803,-3827.1396876034196,1476.805970622954,786.2507579569511,-16044.427957177648,-4423.944697824435,2830.6704443731032,-873.7485836719833,-2948.5973747941616,-4042.4528575742224,472.9246259088678,-715.0320050204505,-3280.5951547657432,3609.014075345721,6791.794621171626,913.5031049488565,-3038.4104418631596,-896.8091223351785,-3024.448907970099,-953.611671014639,5268.825812507994,2568.3026938685175,-2759.5161231210004,1767.1389034525516,-1145.4470902434066,-2558.2810296511716,-3171.0551551456338,2857.5327531206417,-5689.773210723652,5
-54643.98820555313,1639.87760096308,-21012.204177287207,-27591.848433747917,1136.35801873584,-24469.213270597338,-2462.939084773427,-14782.037310038724,-8047.870839181589,961.9292474754309,4197.33189019951,-2618.565103822138,-1662.2156870744857,1212.0414402906865,-3228.227860261999,-2446.4834354201826,5512.625423167816,-2095.6623087195408,1038.3241538052634,6019.638001417879,-3504.840914074912,39.300820209234,2910.558182623812,723.500825658571,-25.80668240313211,-1805.5676674686242,-5273.526761189949,4734.076098745596,-5538.299102548075,3659.0723996278484,1649.9206438649903,3173.123307434218,2028.871514543691,2428.2778716547837,-1464.5319280747037,303.83552994659397,1409.531407721292,-10251.272474522162,-7775.915138722547,3409.772898936415,1
52557.407829822296,-40789.29158555947,-26938.12779090954,1961.920236358297,-1501.4588462864224,4383.10004675077,28176.665804960736,882.9113982760216,-2305.632907816991,-1216.9994276111966,-1159.2655127631751,-4400.268000809245,3237.456254604405,7052.978833575551,-13652.093617090857,1992.8247765309484,5201.036417082585,585.9234155740917,7255.821992901758,-10000.403176422618,-7641.639153338744,3489.3662190060063,3010.2813317473374,-1758.70992198718,172.76878791742178,-1397.9732977671636,-1242.1360942125064,-2236.791503963135,3643.020489083848,1125.6999997263881,1770.4400407719024,-2258.470996623157,-800.0037242741347,-2166.215907387843,-2327.5020864691764,2306.585257159573,-5274.768047396285,3026.145140798905,3733.3914986953223,2320.2466352359966,6
62862.60483035959,-34810.50021695671,-35156.93975315769,7910.479884557209,-2275.203020767609,9036.239625661567,32354.22538722662,-1438.642105681741,-5266.73547337407,3636.196960609495,-2202.3281762020356,3843.7181785146004,-3529.142233599956,-4727.354596498655,8949.366160268904,869.5446033237884,-3512.285342337423,4865.093169357702,-7720.145736748149,12701.728978395011,4759.982210877084,-5172.798416251711,-7981.744526700514,-3990.256899757181,7059.535681753075,-3185.206859692502,-251.7187918296327,3250.7879351155993,-2650.8306268751066,-947.9630680214847,7921.72026142673,-1472.7688553813364,-7561.488925266513,-6591.747677050872,2428.3339303049593,-3062.5258327421307,-562.5142044471812,687.1663834245718,-1707.6577246511345,-3886.8512066491926,6
19902.26704464525,19380.64021904985,29054.873311923246,-18616.778620694182,4457.733113818784,6741.383944737936,-5380.95145926764,12002.877861097348,-4715.924040291234,69628.4887398272,-10501.074144642123,-1955.6760488379468,-4349.615093953135,310.8007528570923,-82.42817483919258,84.60947129393061,1692.2767287754677,-3850.0563784355286,-3663.8595442001374,-3391.592542487986,-1749.9014639665957,777.9091702555638,-90.12398414109795,-26.155268573902624,-1242.704489686967,-1421.6060696334396,97.27486430350027,-862.9353129730654,231.7792484634972,-292.6719317062157,592.0459543936253,-83.3755810034362,-142.80857819034668,125.73714559381173,33.44753255085465,345.0837884082781,77.31316679011827,-586.6925951780236,-133.17359662435894,-263.3042319109276,1
-34010.37980671975,-20032.976090756507,-4782.132947354019,-18637.99164691577,5355.501661763088,13917.402822578535,-11168.13167465671,47834.23715345748,-15630.393151831546,-7205.6582720979795,9491.382113675763,-4583.238666482237,-16620.53181802129,4128.095473568647,-2517.346279241632,1065.1905915657867,-9167.192934757108,-4333.3980904646505,-191.2449561185348,1212.033193435488,-1123.1616960715348,1627.7360007390982,-1336.4542341394604,3613.192687739425,1127.280660808001,-159.2056281661545,-152.43457964056475,-434.0343294303548,-2571.8288961109856,-1284.2746381024133,-30.716660836868442,-406.82335098811274,-382.5235097666335,566.384152843754,108.41291434519349,-102.88306559366376,-1238.141350361664,-83.96298714521386,91.83169675825786,698.4111183683184,7
-29396.814190598878,-26093.76223516531,21450.138917267333,44047.22467853241,-6126.766864738691,-25036.974495684608,3842.2246850729375,1937.0207384668347,1575.1065964590362,433.52132556315667,-7020.1320188483905,-1190.0250802245357,-1810.1172706099271,655.7631226019146,-2866.259080209224,-17314.02573940405,-5741.191317168172,10604.286422608862,1344.6115390068371,968.9441464382089,2137.7949354414595,1391.1910581212724,-6265.084946016442,2326.782908495051,-384.91207010048026,-10156.76821349437,-10422.887887073317,-9266.612819222823,1620.4372292523108,2958.087918091124,675.6134574362337,-3768.4643489390487,-3706.7827065120614,7137.169546452427,-5768.9142528638795,304.91262085102164,3111.788544361553,1679.4254958705126,-2221.257748037144,1281.1208877121455,5
-34135.49258400519,-7689.5765727152375,-23908.29011561697,-21350.58304989134,-5168.553831108892,-7194.674441424214,4306.385697662662,22251.522055536454,40053.89160731347,-1769.4425520568477,-12453.996409707317,18661.99679912466,3133.0573497114087,-3810.4018388162826,-2146.965766824345,-751.22497289227,763.3495576927919,-7574.084394024553,748.4625012188695,1120.1111748202934,-57.67533786672151,1557.0925029394964,-906.4747752956866,-617.5621724519364,1901.678352525685,-965.1086706352619,624.9897383763685,-840.5646273176195,-454.1535544240861,805.2769489555352,-318.78675797782046,625.3598562664138,781.8424044160744,-620.9027562758814,94.74013742798067,-1494.6479971079718,494.59042004197454,-661.9756824887089,360.8903420131561,-398.0084409005491,7
-35898.16061818817,-6875.131657689563,-23712.34278846913,-23051.466199779017,-3823.068264168655,-7463.2617056358595,4019.7114590061005,20000.202869124223,39033.32693733476,-2277.8191191196206,-12902.384320089493,20120.615768122745,2344.513120366214,-3042.8520766141432,-943.8893770519454,-1091.3329995560894,489.2200272970494,-5357.526233329016,967.8265567178748,1153.936915905508,-427.19533376786245,3917.4480367484484,631.7232607753081,1337.1309986237293,-32.03640164038441,-953.3434800747107,782.8683881058665,-920.8185173604688,-860.9175669576813,587.8213585200865,-215.25631793413845,-987.689909594282,1119.9029397312147,-491.73838123906626,-1181.7884049046086,456.63871756613565,266.65430154594156,365.26766263730843,-761.2939148104725,756.5713195806537,7
17385.258884861865,59246.16048503637,-35138.88915879152,24669.72749059206,-25730.287102802977,10903.847141004455,-18395.49771453354,-1024.0269954131184,-1831.439273284554,-2721.967266100037,-6834.189619602905,-3931.0915824809194,-1068.5495776916162,-640.1103336107457,-2034.7640008421797,446.5010300267656,866.746227481257,-4110.974263162061,-3169.8896355239804,-1376.630896204672,-1823.6664431253016,-1694.7840238034232,-5023.042606902829,-416.03888120916065,496.5403380822947,3203.101835989446,-2516.0082275771065,4386.507540514526,3470.837479398094,262.715732136074,-5538.736985424385,-43.898643924909734,-1120.0199387749044,-403.36634988310254,-1241.429645230374,-411.91576332466127,-2776.5408309995782,191.68610109093942,-4579.35053417403,1612.6690444022884,8
41996.80276148128,38687.151935524285,28982.004342345608,-7537.539256163539,-24822.015308122816,-4862.801861263656,8522.813395391498,-578.7975119138648,-2676.8862083553304,5274.836883360543,36577.6807029379,29367.575532004976,7602.608754018441,14848.982647177403,-315.8916169417699,2467.264049988251,-3057.9423823376565,2460.714240576749,2268.4685800391962,-4566.4436965330115,-817.0259196658006,-2765.1437059011305,-1888.3131815425918,-1099.5965825939336,3664.0582962752037,-355.8810837053835,-4346.791136229969,-25.4672619812184,2108.201394269501,1767.2080811960652,-6808.658189822537,1763.5175366786457,-3997.545972877934,-11.0622764770179,848.087114809274,-2530.957789906922,24.000898012611717,-1047.0619175246145,-1503.147130890335,-1842.7921024781676,3
30792.67830117628,22403.18178706109,38064.65084270589,-20106.448273807426,-22797.88483151981,-2773.601360523009,14071.003687669414,-844.0400727133355,165.1284483526104,-5319.351652456919,-2994.5123803907213,-3606.3957619509238,319.58175079664795,-1611.3691101504253,-6864.933858828455,-11183.571615061099,-3182.197783726852,1562.832596924848,3195.4556831259533,-6227.411094432514,4314.071857769298,1540.0536675951184,-4265.271756972157,3911.7910179814257,-9777.622248334706,-7871.250419041025,2275.9281026156377,12552.818340808508,-2387.454889697488,-277.9391945662592,408.21119409112595,-5979.706108262598,2413.2032448917503,-6913.647142673367,1433.0198072038074,-5389.392832062999,-6368.617959375815,3676.6135352012866,-3019.8464921929485,1419.2419827745885,3
-28946.078291045607,-27544.372677343883,20734.37044392308,42883.46011877588,-2077.9692195603457,-24221.131057014925,71.28149887623026,6147.250002969903,740.2903397389714,5289.526802903352,-3210.649677202622,329.94221213380894,-1510.8942145552107,3618.951718639514,-96.61310209195938,-5420.062276053023,-185.29970539191487,2749.400569564777,9631.749301523487,-1354.0946886585202,802.7062062711881,-1543.7991868163483,5025.079920664728,-948.7004831082075,10378.05681993327,13878.697987265143,1176.7963436167322,4641.147354500919,-2814.748642629703,-1299.7815219196812,954.5240871708709,-1043.696792272235,2956.714123854987,-5454.080944616657,4676.274929075964,964.7215283507221,834.3545293708419,2772.906315194772,-1630.5084039249457,4662.723048575173,5
-45307.71875383408,-19669.67856383661,12143.854456300314,4623.365863319656,1070.6000384008364,29469.659249929475,-2879.103558489619,-13618.032628889918,5894.630711072653,-1080.0548505202275,3736.7921981529726,-259.53109774882444,-3428.027607004173,696.8623998757243,-3146.7022565704433,2147.749546084957,-2474.1226591336717,4778.996227479594,-11055.688610175424,111.8887971658656,4048.4665753932554,14506.59934588167,860.3911442510623,581.1495073260622,5046.785764570994,-2052.9820262001404,-2513.641733997931,4147.521306958354,11933.021895366512,9776.140358261324,3232.654452410597,2650.9604039555306,5270.133736950527,-860.8454778399035,3301.1443948784195,1897.5709157857991,-2337.463975011601,-1480.8346545817176,4059.0626585208997,-3527.3591237864166,2
-45203.50108129593,-18840.11116446967,17537.773985721567,5746.986960790597,7067.622684737335,31969.037125232848,-4433.574726065386,-7646.7684859929805,-20883.631412073875,-4197.2732164554445,-11149.25902384987,9739.494318769934,9446.27952555616,4280.676993025856,-2200.1629057520718,35.06605203562888,-594.601021820464,-4102.341884354728,-701.3664769940175,-514.8149225977688,676.8216404106398,13745.635608685227,-116.2318703075608,-10096.452549573387,2290.833164402216,1179.6463731450183,3933.304556198769,4258.079295986144,-6543.525242037888,-9051.326797436555,-1511.2611335340312,2539.405815123038,-8133.536995197302,5591.34529663711,-6626.548904572882,-3640.8434305308624,-420.48856986720614,1625.4385667713887,1324.3866659298094,-403.01242301988526,2
